<?xml version="1.0" encoding="UTF-8"?>
<multi_phy_configuration part_family="lynx" part_revision="A0" rail_adapter_version="rail_api_2.x" status_code="0" xsd_version="0.0.20">
  <base_channel_configurations>
    <base_channel_configuration name="Protocol_Configuration" profile="Base">
      <profile_inputs>
        <input>
          <key>Advanced.agc_period</key>
          <value>0</value>
        </input>
        <input>
          <key>Advanced.agc_power_target</key>
          <value>-8</value>
        </input>
        <input>
          <key>Advanced.agc_speed</key>
          <value>1</value>
        </input>
        <input>
          <key>Advanced.bandwidth_hz</key>
          <value>350000</value>
        </input>
        <input>
          <key>Advanced.frequency_comp_mode</key>
          <value>3</value>
        </input>
        <input>
          <key>Advanced.if_frequency_hz</key>
          <value>1370000</value>
        </input>
        <input>
          <key>Advanced.pll_bandwidth_tx</key>
          <value>1</value>
        </input>
        <input>
          <key>Advanced.symbols_in_timing_window</key>
          <value>14</value>
        </input>
        <input>
          <key>Advanced.timing_detection_threshold</key>
          <value>20</value>
        </input>
        <input>
          <key>Advanced.timing_sample_threshold</key>
          <value>12</value>
        </input>
        <input>
          <key>Channel_Coding.fec_en</key>
          <value>0</value>
        </input>
        <input>
          <key>crc.crc_bit_endian</key>
          <value>1</value>
        </input>
        <input>
          <key>crc.crc_byte_endian</key>
          <value>0</value>
        </input>
        <input>
          <key>crc.crc_input_order</key>
          <value>0</value>
        </input>
        <input>
          <key>crc.crc_invert</key>
          <value>false</value>
        </input>
        <input>
          <key>crc.crc_pad_input</key>
          <value>false</value>
        </input>
        <input>
          <key>crc.crc_poly</key>
          <value>2</value>
        </input>
        <input>
          <key>crc.crc_seed</key>
          <value>0</value>
        </input>
        <input>
          <key>crystal.rx_xtal_error_ppm</key>
          <value>0</value>
        </input>
        <input>
          <key>crystal.tx_xtal_error_ppm</key>
          <value>0</value>
        </input>
        <input>
          <key>crystal.xtal_frequency_hz</key>
          <value>38400000</value>
        </input>
        <input>
          <key>frame_fixed_length.fixed_length_size</key>
          <value>16</value>
        </input>
        <input>
          <key>frame_general.frame_bitendian</key>
          <value>0</value>
        </input>
        <input>
          <key>frame_general.frame_coding</key>
          <value>0</value>
        </input>
        <input>
          <key>frame_general.frame_length_type</key>
          <value>0</value>
        </input>
        <input>
          <key>frame_general.header_en</key>
          <value>false</value>
        </input>
        <input>
          <key>frame_header.header_calc_crc</key>
          <value>false</value>
        </input>
        <input>
          <key>frame_header.header_size</key>
          <value>1</value>
        </input>
        <input>
          <key>frame_header.header_white_en</key>
          <value>false</value>
        </input>
        <input>
          <key>frame_payload.payload_crc_en</key>
          <value>true</value>
        </input>
        <input>
          <key>frame_payload.payload_white_en</key>
          <value>false</value>
        </input>
        <input>
          <key>frame_type_length.frame_type_0_filter</key>
          <value>true</value>
        </input>
        <input>
          <key>frame_type_length.frame_type_0_length</key>
          <value>0</value>
        </input>
        <input>
          <key>frame_type_length.frame_type_0_valid</key>
          <value>false</value>
        </input>
        <input>
          <key>frame_type_length.frame_type_1_filter</key>
          <value>true</value>
        </input>
        <input>
          <key>frame_type_length.frame_type_1_length</key>
          <value>0</value>
        </input>
        <input>
          <key>frame_type_length.frame_type_1_valid</key>
          <value>false</value>
        </input>
        <input>
          <key>frame_type_length.frame_type_2_filter</key>
          <value>true</value>
        </input>
        <input>
          <key>frame_type_length.frame_type_2_length</key>
          <value>0</value>
        </input>
        <input>
          <key>frame_type_length.frame_type_2_valid</key>
          <value>false</value>
        </input>
        <input>
          <key>frame_type_length.frame_type_3_filter</key>
          <value>true</value>
        </input>
        <input>
          <key>frame_type_length.frame_type_3_length</key>
          <value>0</value>
        </input>
        <input>
          <key>frame_type_length.frame_type_3_valid</key>
          <value>false</value>
        </input>
        <input>
          <key>frame_type_length.frame_type_4_filter</key>
          <value>true</value>
        </input>
        <input>
          <key>frame_type_length.frame_type_4_length</key>
          <value>0</value>
        </input>
        <input>
          <key>frame_type_length.frame_type_4_valid</key>
          <value>false</value>
        </input>
        <input>
          <key>frame_type_length.frame_type_5_filter</key>
          <value>true</value>
        </input>
        <input>
          <key>frame_type_length.frame_type_5_length</key>
          <value>0</value>
        </input>
        <input>
          <key>frame_type_length.frame_type_5_valid</key>
          <value>false</value>
        </input>
        <input>
          <key>frame_type_length.frame_type_6_filter</key>
          <value>true</value>
        </input>
        <input>
          <key>frame_type_length.frame_type_6_length</key>
          <value>0</value>
        </input>
        <input>
          <key>frame_type_length.frame_type_6_valid</key>
          <value>false</value>
        </input>
        <input>
          <key>frame_type_length.frame_type_7_filter</key>
          <value>true</value>
        </input>
        <input>
          <key>frame_type_length.frame_type_7_length</key>
          <value>0</value>
        </input>
        <input>
          <key>frame_type_length.frame_type_7_valid</key>
          <value>false</value>
        </input>
        <input>
          <key>frame_type_length.frame_type_bits</key>
          <value>0</value>
        </input>
        <input>
          <key>frame_type_length.frame_type_loc</key>
          <value>0</value>
        </input>
        <input>
          <key>frame_type_length.frame_type_lsbit</key>
          <value>0</value>
        </input>
        <input>
          <key>frame_var_length.var_length_adjust</key>
          <value>0</value>
        </input>
        <input>
          <key>frame_var_length.var_length_bitendian</key>
          <value>0</value>
        </input>
        <input>
          <key>frame_var_length.var_length_byteendian</key>
          <value>0</value>
        </input>
        <input>
          <key>frame_var_length.var_length_includecrc</key>
          <value>false</value>
        </input>
        <input>
          <key>frame_var_length.var_length_maxlength</key>
          <value>0</value>
        </input>
        <input>
          <key>frame_var_length.var_length_minlength</key>
          <value>0</value>
        </input>
        <input>
          <key>frame_var_length.var_length_numbits</key>
          <value>0</value>
        </input>
        <input>
          <key>frame_var_length.var_length_shift</key>
          <value>0</value>
        </input>
        <input>
          <key>modem.asynchronous_rx_enable</key>
          <value>false</value>
        </input>
        <input>
          <key>modem.baudrate_tol_ppm</key>
          <value>0</value>
        </input>
        <input>
          <key>modem.bitrate</key>
          <value>250000</value>
        </input>
        <input>
          <key>modem.deviation</key>
          <value>125000</value>
        </input>
        <input>
          <key>modem.fsk_symbol_map</key>
          <value>0</value>
        </input>
        <input>
          <key>modem.modulation_type</key>
          <value>0</value>
        </input>
        <input>
          <key>modem.shaping_filter</key>
          <value>1</value>
        </input>
        <input>
          <key>modem.shaping_filter_param</key>
          <value>0.5</value>
        </input>
        <input>
          <key>operational_frequency.base_frequency_hz</key>
          <value>2450000000</value>
        </input>
        <input>
          <key>operational_frequency.channel_spacing_hz</key>
          <value>1000000</value>
        </input>
        <input>
          <key>operational_frequency.lo_injection_side</key>
          <value>0</value>
        </input>
        <input>
          <key>preamble.preamble_length</key>
          <value>40</value>
        </input>
        <input>
          <key>preamble.preamble_pattern</key>
          <value>1</value>
        </input>
        <input>
          <key>preamble.preamble_pattern_len</key>
          <value>2</value>
        </input>
        <input>
          <key>symbol_coding.diff_encoding_mode</key>
          <value>0</value>
        </input>
        <input>
          <key>symbol_coding.dsss_chipping_code</key>
          <value>0</value>
        </input>
        <input>
          <key>symbol_coding.dsss_len</key>
          <value>0</value>
        </input>
        <input>
          <key>symbol_coding.dsss_spreading_factor</key>
          <value>0</value>
        </input>
        <input>
          <key>symbol_coding.manchester_mapping</key>
          <value>0</value>
        </input>
        <input>
          <key>symbol_coding.symbol_encoding</key>
          <value>0</value>
        </input>
        <input>
          <key>syncword.syncword_0</key>
          <value>63117</value>
        </input>
        <input>
          <key>syncword.syncword_1</key>
          <value>0</value>
        </input>
        <input>
          <key>syncword.syncword_length</key>
          <value>16</value>
        </input>
        <input>
          <key>syncword.syncword_tx_skip</key>
          <value>false</value>
        </input>
        <input>
          <key>testing.test_ber</key>
          <value>false</value>
        </input>
        <input>
          <key>whitening.white_output_bit</key>
          <value>0</value>
        </input>
        <input>
          <key>whitening.white_poly</key>
          <value>0</value>
        </input>
        <input>
          <key>whitening.white_seed</key>
          <value>65535</value>
        </input>
      </profile_inputs>
      <phy name="PHY_Datasheet_2450M_2GFSK_250Kbps_125K"/>
      <channel_config_entries>
        <channel_config_entry name="Channel_Group_1">
          <base_frequency>2450000000</base_frequency>
          <channel_spacing>1000000</channel_spacing>
          <physical_channel_offset>SAME_AS_FIRST_CHANNEL</physical_channel_offset>
          <channel_number_start>0</channel_number_start>
          <channel_number_end>20</channel_number_end>
          <max_power>RAIL_TX_POWER_MAX</max_power>
        </channel_config_entry>
      </channel_config_entries>
    </base_channel_configuration>
  </base_channel_configurations>
</multi_phy_configuration>